<?xml version="1.0" encoding="utf-8"?>
<modification>
  <code>BSECRT0002</code>
  <name>Basecart Theme</name>
  <version>1.1</version>
  <author>themefiber</author>
  <link>http://themefiber.com/</link>
  <file path="catalog/controller/common/header.php">
    <operation>
      <search><![CDATA[
      $data['telephone'] = $this->config->get('config_telephone');
      ]]></search>
      <add position="after"><![CDATA[
      $data['theme'] = $this->config->get('basecart_module_theme');
      $data['nav'] = $this->config->get('basecart_module_nav');
      ]]></add>
    </operation>
  </file>
  <file path="catalog/controller/module/slideshow.php">
    <operation>
      <search><![CDATA[
      $this->document->addStyle('catalog/view/javascript/jquery/owl-carousel/owl.carousel.css');
      ]]></search>
      <add position="replace"><![CDATA[
      $this->document->addStyle('catalog/view/theme/basecart/css/owl.carousel.css');
      ]]></add>
    </operation>
  </file>
  <file path="catalog/controller/module/carousel.php">
    <operation>
      <search><![CDATA[
      $this->document->addStyle('catalog/view/javascript/jquery/owl-carousel/owl.carousel.css');
      ]]></search>
      <add position="replace"><![CDATA[
      $this->document->addStyle('catalog/view/theme/basecart/css/owl.carousel.css');
      ]]></add>
    </operation>
  </file>
</modification>
